{"platt_threshold": 0.20389188479149148, "isotonic_threshold": 0.47692307692307695}