{"platt_threshold": 0.7346983339297974, "isotonic_threshold": 0.47058823529411764}